#{"t_start": 1703189213.2426782, "env_id": "LunarLander-v2"}
r,l,t
-85.519995,66,0.976896
-84.161376,118,1.200125
-148.564347,123,1.440844
-173.320018,108,1.647451
